{
  "case_id": "BASE",
  "Qin_total_W": 20.0,
  "m_dot_kg_s": 0.0005263157894736842,
  "dp_total_kPa": 11.703516711143278,
  "coldplate": {
    "m_dot_kg_s": 0.0005263157894736842,
    "V_dot_m3_s": 5.085176709890668e-07,
    "v_channel_m_s": 0.08475294516484448,
    "Re": 25.06265664160401,
    "Pr": 29.555555555555557,
    "Nu": 3.610224,
    "h_W_m2K": 1624.6008,
    "dp_kPa": 0.26441181009987474,
    "dT_coolant_K": 10.0,
    "R_conv_K_W": 0.2137277183553167,
    "R_plate_K_W": 5.333333333333333e-05,
    "R_contact_K_W": 0.0004,
    "R_total_K_W": 0.21418105168865004
  },
  "lines": {
    "v_m_s": 0.1618662019749762,
    "Re": 95.73229659662879,
    "f": 0.668530916683908,
    "dp_kPa": 11.439104901043404,
    "dp_fric_kPa": 11.330634138248335,
    "dp_minor_kPa": 0.1084707627950677
  },
  "pump": {
    "dp_kPa_required": 11.703516711143278,
    "V_dot_m3_s": 5.085176709890668e-07,
    "P_hyd_W": 0.005951445060332203,
    "P_elec_W": 0.023805780241328813,
    "within_power_limit": true
  },
  "radiator": {
    "A_req_m2": Infinity,
    "A_used_m2": 0.25,
    "Q_reject_W": -34.83496583314512,
    "T_rad_K": 308.15,
    "feasible_with_Amax": false
  },
  "accumulator": {
    "dV_expand_cc": 0.0,
    "V_gas_min_cc": 0.0,
    "V_gas_max_cc": 0.0,
    "V_accumulator_cc": 0.0,
    "notes": "Prelim: Vacc includes 20% margin; refine with dead volume + architecture specifics."
  }
}