{
  "case_id": "BASE",
  "Qin_total_W": 800.0,
  "m_dot_kg_s": 0.010526315789473684,
  "dp_total_kPa": 39.48828554399454,
  "coldplate": {
    "m_dot_kg_s": 0.010526315789473684,
    "V_dot_m3_s": 1.0170353419781338e-05,
    "v_m_s": 4.520157075458372,
    "Re": 2005.0125313283208,
    "Pr": 29.555555555555557,
    "Nu": 3.610224,
    "h_W_m2K": 1083.0672,
    "dp_kPa": 36.15494001457487,
    "dT_coolant_K": 20.0,
    "R_conv_K_W": 0.5129465240527602,
    "R_plate_1D_K_W": 0.0003921568627450981,
    "R_spread_K_W": 0.0,
    "R_contact_K_W": 0.0033333333333333335,
    "R_total_K_W": 0.5166720142488387,
    "effective_n_channels": 1,
    "limiting_m_dot_channel_kg_s": 0.010526315789473684,
    "topology": "serpentine"
  },
  "lines": {
    "v_m_s": 0.3597026710555027,
    "Re": 638.215310644192,
    "f": 0.10027963750258617,
    "dp_kPa": 3.3333455294196765,
    "dp_fric_kPa": 2.7976874415427986,
    "dp_minor_kPa": 0.5356580878768775
  },
  "pump": {
    "dp_kPa_required": 39.48828554399454,
    "V_dot_m3_s": 1.0170353419781338e-05,
    "P_hyd_W": 0.40160981992366684,
    "P_elec_W": 1.6064392796946674,
    "within_power_limit": true
  },
  "radiator": {
    "A_req_m2": 6.500164039544963,
    "A_used_m2": 6.5,
    "Q_reject_W": 799.9798110270492,
    "T_rad_K": 333.15,
    "feasible_with_Amax": false
  },
  "accumulator": {
    "dV_expand_cc": 0.0,
    "V_gas_min_cc": 0.0,
    "V_gas_max_cc": 0.0,
    "V_accumulator_cc": 0.0,
    "notes": "Prelim: Vacc includes 20% margin; refine with dead volume + architecture specifics."
  }
}