{
  "case_id": "BASE",
  "Qin_total_W": 500.0,
  "m_dot_kg_s": 0.013157894736842105,
  "dp_total_kPa": 594.5286842008637,
  "coldplate": {
    "m_dot_kg_s": 0.013157894736842105,
    "V_dot_m3_s": 1.2712941774726671e-05,
    "v_channel_m_s": 2.118823629121112,
    "Re": 626.5664160401003,
    "Pr": 29.555555555555557,
    "Nu": 3.610224,
    "h_W_m2K": 1624.6008,
    "dp_kPa": 13.301317239195118,
    "dT_coolant_K": 10.0,
    "R_conv_K_W": 0.2137277183553167,
    "R_plate_K_W": 5.333333333333333e-05,
    "R_contact_K_W": 0.0004,
    "R_total_K_W": 0.21418105168865004
  },
  "lines": {
    "v_m_s": 4.046655049374405,
    "Re": 2393.3074149157196,
    "f": 0.04846979241523431,
    "dp_kPa": 581.2273669616686,
    "dp_fric_kPa": 513.4331402147513,
    "dp_minor_kPa": 67.79422674691732
  },
  "pump": {
    "dp_kPa_required": 594.5286842008637,
    "V_dot_m3_s": 1.2712941774726671e-05,
    "P_hyd_W": 7.558208545650441,
    "P_elec_W": 30.232834182601763,
    "within_power_limit": false
  },
  "radiator": {
    "A_req_m2": Infinity,
    "A_used_m2": 0.25,
    "Q_reject_W": -34.83496583314512,
    "T_rad_K": 308.15,
    "feasible_with_Amax": false
  },
  "accumulator": {
    "dV_expand_cc": 0.0,
    "V_gas_min_cc": 0.0,
    "V_gas_max_cc": 0.0,
    "V_accumulator_cc": 0.0,
    "notes": "Prelim: Vacc includes 20% margin; refine with dead volume + architecture specifics."
  }
}